{
  "timestamp": "2025-12-10T03:47:55.431636",
  "round": 2,
  "control_scores": [
    7,
    7,
    8,
    7,
    8,
    6,
    7,
    8,
    6,
    7
  ],
  "treatment_scores": [
    8,
    8,
    8,
    8,
    8,
    8,
    8,
    8,
    8,
    8
  ],
  "control_mean": 7.1,
  "treatment_mean": 8.0,
  "effect": 0.9000000000000004,
  "cohens_d": 1.7249667254998384
}